/*
 Navicat Premium Data Transfer

 Source Server         : localhost_3306
 Source Server Type    : MySQL
 Source Server Version : 50721
 Source Host           : localhost:3306
 Source Schema         : qing

 Target Server Type    : MySQL
 Target Server Version : 50721
 File Encoding         : 65001

 Date: 12/02/2022 11:02:36
*/

SET NAMES utf8mb4;
SET FOREIGN_KEY_CHECKS = 0;

-- ----------------------------
-- Table structure for sys_dict
-- ----------------------------
DROP TABLE IF EXISTS `sys_dict`;
CREATE TABLE `sys_dict`  (
  `name` varchar(255) CHARACTER SET utf8mb4 COLLATE utf8mb4_unicode_ci NULL DEFAULT NULL COMMENT '名称',
  `value` varchar(255) CHARACTER SET utf8mb4 COLLATE utf8mb4_unicode_ci NULL DEFAULT NULL COMMENT '内容',
  `type` varchar(255) CHARACTER SET utf8mb4 COLLATE utf8mb4_unicode_ci NULL DEFAULT NULL COMMENT '类型'
) ENGINE = InnoDB CHARACTER SET = utf8mb4 COLLATE = utf8mb4_unicode_ci ROW_FORMAT = Dynamic;

-- ----------------------------
-- Records of sys_dict
-- ----------------------------
INSERT INTO `sys_dict` VALUES ('user', 'el-icon-user', 'icon');
INSERT INTO `sys_dict` VALUES ('house', 'el-icon-house', 'icon');
INSERT INTO `sys_dict` VALUES ('menu', 'el-icon-menu', 'icon');
INSERT INTO `sys_dict` VALUES ('s-custom', 'el-icon-s-custom', 'icon');
INSERT INTO `sys_dict` VALUES ('s-grid', 'el-icon-s-grid', 'icon');
INSERT INTO `sys_dict` VALUES ('document', 'el-icon-document', 'icon');
INSERT INTO `sys_dict` VALUES ('coffee', 'el-icon-coffee\r\n', 'icon');
INSERT INTO `sys_dict` VALUES ('s-marketing', 'el-icon-s-marketing', 'icon');

-- ----------------------------
-- Table structure for sys_file
-- ----------------------------
DROP TABLE IF EXISTS `sys_file`;
CREATE TABLE `sys_file`  (
  `id` int(11) NOT NULL AUTO_INCREMENT COMMENT 'id',
  `name` varchar(255) CHARACTER SET utf8mb4 COLLATE utf8mb4_unicode_ci NULL DEFAULT NULL COMMENT '文件名称',
  `type` varchar(255) CHARACTER SET utf8mb4 COLLATE utf8mb4_unicode_ci NULL DEFAULT NULL COMMENT '文件类型',
  `size` bigint(20) NULL DEFAULT NULL COMMENT '文件大小(kb)',
  `url` varchar(255) CHARACTER SET utf8mb4 COLLATE utf8mb4_unicode_ci NULL DEFAULT NULL COMMENT '下载链接',
  `md5` varchar(255) CHARACTER SET utf8mb4 COLLATE utf8mb4_unicode_ci NULL DEFAULT NULL COMMENT '文件md5',
  `is_delete` tinyint(1) NULL DEFAULT 0 COMMENT '是否删除',
  `enable` tinyint(1) NULL DEFAULT 1 COMMENT '是否禁用链接',
  PRIMARY KEY (`id`) USING BTREE
) ENGINE = InnoDB AUTO_INCREMENT = 31 CHARACTER SET = utf8mb4 COLLATE = utf8mb4_unicode_ci ROW_FORMAT = Dynamic;

-- ----------------------------
-- Records of sys_file
-- ----------------------------
INSERT INTO `sys_file` VALUES (16, 'cf.png', 'png', 634, 'http://localhost:9090/file/8d966b0e6cf84fe191a72a58b8293b23.png', 'e1a9407cd0e937c4b411a93b7aca7c87', 0, 1);
INSERT INTO `sys_file` VALUES (17, '649002da71c8473db39892b4a758f875.png', 'png', 634, 'http://localhost:9090/file/8d966b0e6cf84fe191a72a58b8293b23.png', 'e1a9407cd0e937c4b411a93b7aca7c87', 0, 0);
INSERT INTO `sys_file` VALUES (18, '1641024983532cf.png', 'png', 634, 'http://localhost:9090/file/8d966b0e6cf84fe191a72a58b8293b23.png', 'e1a9407cd0e937c4b411a93b7aca7c87', 0, 0);
INSERT INTO `sys_file` VALUES (19, 'Java3年经验开发个人简历模板.doc', 'doc', 47, 'http://localhost:9090/file/0e020e1337474a93ba3b43a75b2890ee.doc', '9ace4fac24420f85c753aa663009edb4', 0, 1);
INSERT INTO `sys_file` VALUES (20, '1626102561055-2.jpg', 'jpg', 24, 'http://localhost:9090/file/cd379f381364482aaad0d6ffb7209d3d.jpg', 'adb0481b283645af3809e3d8a1bdb294', 0, 1);
INSERT INTO `sys_file` VALUES (21, '1622011842830-5.jpg', 'jpg', 14, 'http://localhost:9090/file/7737484487db47ab89e58504ddf86ac1.jpg', '2dcd5d60c696c47fdfe0b482c18de0ea', 0, 1);
INSERT INTO `sys_file` VALUES (22, '1622536738094-7.jpg', 'jpg', 12, 'http://localhost:9090/file/ad5946fe27c14508ac796115f6465826.jpg', '35977e7dc2159a734f3c81de460e4b8d', 0, 1);
INSERT INTO `sys_file` VALUES (23, '用户信息 (1).xlsx', 'xlsx', 3, 'http://localhost:9090/file/02f70e07e69045c38b4748283ffeeabb.xlsx', '687f150737c967e74cfd6fa9ec981589', 0, 1);
INSERT INTO `sys_file` VALUES (24, '1641024983532cf.png', 'png', 634, 'http://localhost:9090/file/8d966b0e6cf84fe191a72a58b8293b23.png', 'e1a9407cd0e937c4b411a93b7aca7c87', 0, 1);
INSERT INTO `sys_file` VALUES (25, '1641024983532cf.png', 'png', 634, 'http://localhost:9090/file/8d966b0e6cf84fe191a72a58b8293b23.png', 'e1a9407cd0e937c4b411a93b7aca7c87', 0, 1);
INSERT INTO `sys_file` VALUES (26, '6.jpg', 'jpg', 30, 'http://localhost:9090/file/9b21a2b133b140e0bcd9bf66dc5cad1d.jpg', 'a2cf10bcbed5e9d98cbaf5467acae28d', 0, 1);
INSERT INTO `sys_file` VALUES (27, '9b21a2b133b140e0bcd9bf66dc5cad1d.jpg', 'jpg', 30, 'http://localhost:9090/file/9b21a2b133b140e0bcd9bf66dc5cad1d.jpg', 'a2cf10bcbed5e9d98cbaf5467acae28d', 0, 1);
INSERT INTO `sys_file` VALUES (28, '1622011842830-5.jpg', 'jpg', 14, 'http://localhost:9090/file/7737484487db47ab89e58504ddf86ac1.jpg', '2dcd5d60c696c47fdfe0b482c18de0ea', 0, 1);
INSERT INTO `sys_file` VALUES (29, '1641024983532cf (1).png', 'png', 634, 'http://localhost:9090/file/8d966b0e6cf84fe191a72a58b8293b23.png', 'e1a9407cd0e937c4b411a93b7aca7c87', 0, 1);
INSERT INTO `sys_file` VALUES (30, '1622011842830-5.jpg', 'jpg', 14, 'http://localhost:9090/file/7737484487db47ab89e58504ddf86ac1.jpg', '2dcd5d60c696c47fdfe0b482c18de0ea', 0, 1);

-- ----------------------------
-- Table structure for sys_menu
-- ----------------------------
DROP TABLE IF EXISTS `sys_menu`;
CREATE TABLE `sys_menu`  (
  `id` int(11) NOT NULL AUTO_INCREMENT COMMENT 'id',
  `name` varchar(255) CHARACTER SET utf8mb4 COLLATE utf8mb4_unicode_ci NULL DEFAULT NULL COMMENT '名称',
  `path` varchar(255) CHARACTER SET utf8mb4 COLLATE utf8mb4_unicode_ci NULL DEFAULT NULL COMMENT '路径',
  `icon` varchar(255) CHARACTER SET utf8mb4 COLLATE utf8mb4_unicode_ci NULL DEFAULT NULL COMMENT '图标',
  `description` varchar(255) CHARACTER SET utf8mb4 COLLATE utf8mb4_unicode_ci NULL DEFAULT NULL COMMENT '描述',
  `pid` int(11) NULL DEFAULT NULL COMMENT '父级id',
  `page_path` varchar(255) CHARACTER SET utf8mb4 COLLATE utf8mb4_unicode_ci NULL DEFAULT NULL COMMENT '页面路径',
  `sort_num` int(11) NULL DEFAULT NULL COMMENT '排序',
  PRIMARY KEY (`id`) USING BTREE
) ENGINE = InnoDB AUTO_INCREMENT = 11 CHARACTER SET = utf8mb4 COLLATE = utf8mb4_unicode_ci ROW_FORMAT = Dynamic;

-- ----------------------------
-- Records of sys_menu
-- ----------------------------
INSERT INTO `sys_menu` VALUES (2, '数据报表', '/dashbord', 'el-icon-s-marketing', '11', NULL, 'Dashbord', 100);
INSERT INTO `sys_menu` VALUES (4, '系统管理', NULL, 'el-icon-s-grid', NULL, NULL, NULL, 300);
INSERT INTO `sys_menu` VALUES (5, '用户管理', '/user', 'el-icon-user', NULL, 4, 'User', 301);
INSERT INTO `sys_menu` VALUES (6, '角色管理', '/role', 'el-icon-s-custom', NULL, 4, 'Role', 302);
INSERT INTO `sys_menu` VALUES (7, '菜单管理', '/menu', 'el-icon-menu', NULL, 4, 'Menu', 303);
INSERT INTO `sys_menu` VALUES (8, '文件管理', '/file', 'el-icon-document', NULL, 4, 'File', 304);
INSERT INTO `sys_menu` VALUES (9, '请作者喝杯咖啡', '/donate', 'el-icon-coffee\r\n', NULL, NULL, 'Donate', 200);
INSERT INTO `sys_menu` VALUES (10, '主页', '/home', 'el-icon-house', NULL, NULL, 'Home', 0);

-- ----------------------------
-- Table structure for sys_role
-- ----------------------------
DROP TABLE IF EXISTS `sys_role`;
CREATE TABLE `sys_role`  (
  `id` int(11) NOT NULL AUTO_INCREMENT COMMENT 'id',
  `name` varchar(50) CHARACTER SET utf8mb4 COLLATE utf8mb4_unicode_ci NULL DEFAULT NULL COMMENT '名称',
  `description` varchar(255) CHARACTER SET utf8mb4 COLLATE utf8mb4_unicode_ci NULL DEFAULT NULL COMMENT '描述',
  `flag` varchar(50) CHARACTER SET utf8mb4 COLLATE utf8mb4_unicode_ci NULL DEFAULT NULL COMMENT '唯一标识',
  PRIMARY KEY (`id`) USING BTREE
) ENGINE = InnoDB AUTO_INCREMENT = 3 CHARACTER SET = utf8mb4 COLLATE = utf8mb4_unicode_ci ROW_FORMAT = Dynamic;

-- ----------------------------
-- Records of sys_role
-- ----------------------------
INSERT INTO `sys_role` VALUES (1, '管理员', '管理员', 'ROLE_ADMIN');
INSERT INTO `sys_role` VALUES (2, '普通用户', '普通用户', 'ROLE_USER');

-- ----------------------------
-- Table structure for sys_role_menu
-- ----------------------------
DROP TABLE IF EXISTS `sys_role_menu`;
CREATE TABLE `sys_role_menu`  (
  `role_id` int(11) NOT NULL COMMENT '角色id',
  `menu_id` int(11) NOT NULL COMMENT '菜单id',
  PRIMARY KEY (`role_id`, `menu_id`) USING BTREE
) ENGINE = InnoDB CHARACTER SET = utf8mb4 COLLATE = utf8mb4_unicode_ci COMMENT = '角色菜单关系表' ROW_FORMAT = Dynamic;

-- ----------------------------
-- Records of sys_role_menu
-- ----------------------------
INSERT INTO `sys_role_menu` VALUES (1, 2);
INSERT INTO `sys_role_menu` VALUES (1, 4);
INSERT INTO `sys_role_menu` VALUES (1, 5);
INSERT INTO `sys_role_menu` VALUES (1, 6);
INSERT INTO `sys_role_menu` VALUES (1, 7);
INSERT INTO `sys_role_menu` VALUES (1, 8);
INSERT INTO `sys_role_menu` VALUES (1, 9);
INSERT INTO `sys_role_menu` VALUES (1, 10);
INSERT INTO `sys_role_menu` VALUES (2, 9);
INSERT INTO `sys_role_menu` VALUES (2, 10);

-- ----------------------------
-- Table structure for sys_user
-- ----------------------------
DROP TABLE IF EXISTS `sys_user`;
CREATE TABLE `sys_user`  (
  `id` int(11) NOT NULL AUTO_INCREMENT COMMENT 'id',
  `username` varchar(50) CHARACTER SET utf8mb4 COLLATE utf8mb4_unicode_ci NULL DEFAULT NULL COMMENT '用户名',
  `password` varchar(50) CHARACTER SET utf8mb4 COLLATE utf8mb4_unicode_ci NULL DEFAULT NULL COMMENT '密码',
  `nickname` varchar(50) CHARACTER SET utf8mb4 COLLATE utf8mb4_unicode_ci NULL DEFAULT NULL COMMENT '昵称',
  `email` varchar(50) CHARACTER SET utf8mb4 COLLATE utf8mb4_unicode_ci NULL DEFAULT NULL COMMENT '邮箱',
  `phone` varchar(20) CHARACTER SET utf8mb4 COLLATE utf8mb4_unicode_ci NULL DEFAULT NULL COMMENT '电话',
  `address` varchar(255) CHARACTER SET utf8mb4 COLLATE utf8mb4_unicode_ci NULL DEFAULT NULL COMMENT '地址',
  `create_time` timestamp NULL DEFAULT CURRENT_TIMESTAMP COMMENT '创建时间',
  `avatar_url` varchar(255) CHARACTER SET utf8mb4 COLLATE utf8mb4_unicode_ci NULL DEFAULT NULL COMMENT '头像',
  `role` varchar(50) CHARACTER SET utf8mb4 COLLATE utf8mb4_unicode_ci NULL DEFAULT NULL COMMENT '角色',
  PRIMARY KEY (`id`) USING BTREE
) ENGINE = InnoDB AUTO_INCREMENT = 30 CHARACTER SET = utf8mb4 COLLATE = utf8mb4_unicode_ci ROW_FORMAT = Dynamic;

-- ----------------------------
-- Records of sys_user
-- ----------------------------
INSERT INTO `sys_user` VALUES (1, 'admin', 'admin', '程序员青戈', 'admin@qq.com', '13988997788', '安徽合肥1', '2022-01-22 21:10:27', 'http://localhost:9090/file/8d966b0e6cf84fe191a72a58b8293b23.png', 'ROLE_ADMIN');
INSERT INTO `sys_user` VALUES (16, '2', NULL, '甄姬', '2', '2', '2', '2022-02-26 22:10:14', NULL, 'ROLE_USER');
INSERT INTO `sys_user` VALUES (17, '333', '123', '我是三三', '3', '3', '3', '2022-02-26 22:10:18', 'http://localhost:9090/file/7737484487db47ab89e58504ddf86ac1.jpg', 'ROLE_USER');
INSERT INTO `sys_user` VALUES (18, 'nz', '123', '哪吒', '2', '2', '2', '2022-03-29 16:59:44', '', NULL);
INSERT INTO `sys_user` VALUES (19, 'ys', '123', '亚瑟', '3', '3', '3', '2022-04-29 16:59:44', '', NULL);
INSERT INTO `sys_user` VALUES (20, 'lx', '123', '李信', '2', '2', '2', '2022-05-29 17:12:04', '2', NULL);
INSERT INTO `sys_user` VALUES (25, 'sir', '123', '安琪拉', NULL, NULL, NULL, '2022-06-08 17:00:47', NULL, NULL);
INSERT INTO `sys_user` VALUES (26, 'err', NULL, '妲己', '11', '1', '1', '2022-07-08 17:20:01', NULL, NULL);
INSERT INTO `sys_user` VALUES (28, 'ddd', '123', 'ddd', '', '', '', '2022-11-09 10:41:07', '', 'ROLE_USER');
INSERT INTO `sys_user` VALUES (29, 'ffff', '123', NULL, NULL, NULL, NULL, '2022-12-10 11:53:31', NULL, 'ROLE_USER');

SET FOREIGN_KEY_CHECKS = 1;
